id;title;description;from_date;to_date;status
1;tight anenst downright;several can;2024-07-29;2024-07-28;REQUESTED
2;setback owlishly;recklessly populate;2024-07-29;2024-07-29;APPROVED
3;hurdle meanwhile hog;recollect;2024-07-29;2024-07-28;REQUESTED
4;dry examination;before elixir;2024-07-28;2024-07-29;REQUESTED
5;sir distribute burly;besides corps who;2024-07-29;2024-07-29;REQUESTED
6;absent;out bashfully;2024-07-28;2024-07-29;REJECTED
7;irritably short;bah;2024-07-28;2024-07-28;APPROVED
8;cicada;radiant;2024-07-29;2024-07-29;REQUESTED
9;greatly;cool alb;2024-07-29;2024-07-29;REJECTED
10;oil esteem;deafening visualize drat;2024-07-29;2024-07-28;REQUESTED
